<application>
  <component name="libraryTable">
    <library name="Bundled Protobuf Distribution">
      <CLASSES />
      <SOURCES>
        <root url="jar://$APPLICATION_PLUGINS_DIR$/protobuf-jetbrains-plugin/lib/protobuf-java-3.6.1-sources.jar!/" />
      </SOURCES>
    </library>
    <library name="ckeditor" type="javaScript">
      <properties>
        <sourceFilesUrls>
          <item url="file://$APPLICATION_CONFIG_DIR$/javascript/extLibs/__cdn.ckeditor.com_4.11.3_full_ckeditor.js" />
          <item url="file://$APPLICATION_CONFIG_DIR$/javascript/extLibs/__cdn.ckeditor.com_4.11.3_standard_ckeditor.js" />
        </sourceFilesUrls>
      </properties>
      <CLASSES>
        <root url="file://$APPLICATION_CONFIG_DIR$/javascript/extLibs/__cdn.ckeditor.com_4.11.3_full_ckeditor.js" />
        <root url="file://$APPLICATION_CONFIG_DIR$/javascript/extLibs/__cdn.ckeditor.com_4.11.3_standard_ckeditor.js" />
      </CLASSES>
      <SOURCES />
    </library>
    <library name="data-set" type="javaScript">
      <properties>
        <sourceFilesUrls>
          <item url="file://$APPLICATION_CONFIG_DIR$/javascript/extLibs/http_gw.alipayobjects.com_os_antv_pkg__antv.data-set-0.9.6_dist_data-set.min.js" />
        </sourceFilesUrls>
      </properties>
      <CLASSES>
        <root url="file://$APPLICATION_CONFIG_DIR$/javascript/extLibs/http_gw.alipayobjects.com_os_antv_pkg__antv.data-set-0.9.6_dist_data-set.min.js" />
      </CLASSES>
      <SOURCES />
    </library>
    <library name="es6-promise" type="javaScript">
      <properties>
        <sourceFilesUrls>
          <item url="file://$APPLICATION_CONFIG_DIR$/javascript/extLibs/http_as.alipayobjects.com_g_component_es6-promise_3.2.2_es6-promise.js" />
        </sourceFilesUrls>
      </properties>
      <CLASSES>
        <root url="file://$APPLICATION_CONFIG_DIR$/javascript/extLibs/http_as.alipayobjects.com_g_component_es6-promise_3.2.2_es6-promise.js" />
      </CLASSES>
      <SOURCES />
    </library>
    <library name="fastclick" type="javaScript">
      <properties>
        <sourceFilesUrls>
          <item url="file://$APPLICATION_CONFIG_DIR$/javascript/extLibs/http_as.alipayobjects.com_g_component_fastclick_1.0.6_fastclick.js" />
        </sourceFilesUrls>
      </properties>
      <CLASSES>
        <root url="file://$APPLICATION_CONFIG_DIR$/javascript/extLibs/http_as.alipayobjects.com_g_component_fastclick_1.0.6_fastclick.js" />
      </CLASSES>
      <SOURCES />
    </library>
    <library name="md5" type="javaScript">
      <properties>
        <sourceFilesUrls>
          <item url="file://$APPLICATION_CONFIG_DIR$/javascript/extLibs/http_cdn.bootcss.com_blueimp-md5_2.10.0_js_md5.js" />
        </sourceFilesUrls>
      </properties>
      <CLASSES>
        <root url="file://$APPLICATION_CONFIG_DIR$/javascript/extLibs/http_cdn.bootcss.com_blueimp-md5_2.10.0_js_md5.js" />
      </CLASSES>
      <SOURCES />
    </library>
    <library name="vendors.v1.0" type="javaScript">
      <properties>
        <sourceFilesUrls>
          <item url="file://$APPLICATION_CONFIG_DIR$/javascript/extLibs/http_1v1-fe-project-qiniu.xueba100.com_colorstone_static_vendors.v1.0.js" />
        </sourceFilesUrls>
      </properties>
      <CLASSES>
        <root url="file://$APPLICATION_CONFIG_DIR$/javascript/extLibs/http_1v1-fe-project-qiniu.xueba100.com_colorstone_static_vendors.v1.0.js" />
      </CLASSES>
      <SOURCES />
    </library>
    <library name="vendors.v2.0.1" type="javaScript">
      <properties>
        <sourceFilesUrls>
          <item url="file://$APPLICATION_CONFIG_DIR$/javascript/extLibs/http_1v1-fe-project-qiniu.xueba100.com_colorstone_static_vendors.v2.0.1.js" />
        </sourceFilesUrls>
      </properties>
      <CLASSES>
        <root url="file://$APPLICATION_CONFIG_DIR$/javascript/extLibs/http_1v1-fe-project-qiniu.xueba100.com_colorstone_static_vendors.v2.0.1.js" />
      </CLASSES>
      <SOURCES />
    </library>
    <library name="vendors.v2.0.4" type="javaScript">
      <properties>
        <sourceFilesUrls>
          <item url="file://$APPLICATION_CONFIG_DIR$/javascript/extLibs/http_1v1-fe-project-qiniu.xueba100.com_colorstone_static_vendors.v2.0.4.js" />
        </sourceFilesUrls>
      </properties>
      <CLASSES>
        <root url="file://$APPLICATION_CONFIG_DIR$/javascript/extLibs/http_1v1-fe-project-qiniu.xueba100.com_colorstone_static_vendors.v2.0.4.js" />
      </CLASSES>
      <SOURCES />
    </library>
  </component>
</application>