<application>
  <component name="FileTypeManager" version="18">
    <extensionMap>
      <mapping ext="laya" type="JSON" />
      <mapping pattern="dsaf" type="PLAIN_TEXT" />
      <mapping pattern="test" type="PLAIN_TEXT" />
      <mapping pattern="全部省份" type="PLAIN_TEXT" />
      <mapping pattern="cwebp" type="PLAIN_TEXT" />
      <mapping pattern=".gitkeep" type="PLAIN_TEXT" />
      <mapping pattern="worker" type="PLAIN_TEXT" />
      <mapping pattern=".tslintignore" type="PLAIN_TEXT" />
      <mapping ext="json_example" type="PLAIN_TEXT" />
      <mapping ext="text" type="PLAIN_TEXT" />
      <removed_mapping ext="bat" approved="true" type="PLAIN_TEXT" />
      <removed_mapping ext="cmd" approved="true" type="PLAIN_TEXT" />
      <removed_mapping ext="dockerfile" approved="true" type="textmate" />
      <removed_mapping ext="log" approved="true" type="PLAIN_TEXT" />
      <removed_mapping ext="makefile" approved="true" type="textmate" />
      <removed_mapping ext="snakefile" approved="true" type="textmate" />
      <mapping pattern=".gitignore_global" type="Git file" />
    </extensionMap>
  </component>
</application>