<application>
  <component name="FindSettings">
    <option name="customScope" value="All Places" />
    <option name="defaultScopeName" value="All Places" />
    <option name="localWholeWordsOnly" value="true" />
    <option name="LOCAL_WHOLE_WORDS_ONLY" value="true" />
    <option name="SEARCH_SCOPE" value="All Places" />
    <mask>*.properties</mask>
    <mask>*.html</mask>
    <mask>*.jsp</mask>
    <mask>*.xml</mask>
    <mask>*.java</mask>
    <mask>*.as</mask>
    <mask>*.css</mask>
    <mask>*.mxml</mask>
    <mask>package.json</mask>
    <mask>*.md</mask>
    <mask>*.jsx</mask>
    <mask>*.xmind</mask>
    <mask>*.js</mask>
    <mask>*.vue</mask>
    <mask>*.tsx</mask>
    <mask>*.ts</mask>
    <mask>*.less</mask>
  </component>
</application>