<application>
  <component name="KeyPromoterXStatistic">
    <option name="statistics">
      <Statistic Action="Annotate">
        <Item>
          <IdeaActionID>Annotate</IdeaActionID>
          <ShortCut>'⌃⇧⌘G'</ShortCut>
          <Description>Annotate</Description>
          <Count>78</Count>
        </Item>
      </Statistic>
      <Statistic Action="Delete...">
        <Item>
          <IdeaActionID>$Delete</IdeaActionID>
          <ShortCut>'⌦' or '⌫'</ShortCut>
          <Description>Delete...</Description>
          <Count>7</Count>
        </Item>
      </Statistic>
      <Statistic Action="Favorites">
        <Item>
          <IdeaActionID>ActivateFavoritesToolWindow</IdeaActionID>
          <ShortCut>'⌘3'</ShortCut>
          <Description>Favorites</Description>
          <Count>2</Count>
        </Item>
      </Statistic>
      <Statistic Action="Find Usages">
        <Item>
          <IdeaActionID>FindUsages</IdeaActionID>
          <ShortCut>'⌥F7' or '⌘U'</ShortCut>
          <Description>Find Usages</Description>
          <Count>5</Count>
        </Item>
      </Statistic>
      <Statistic Action="Find in Path...">
        <Item>
          <IdeaActionID>FindInPath</IdeaActionID>
          <ShortCut>'⇧⌘F'</ShortCut>
          <Description>Find in Path...</Description>
          <Count>1</Count>
        </Item>
      </Statistic>
      <Statistic Action="Hide All Windows">
        <Item>
          <IdeaActionID>HideAllWindows</IdeaActionID>
          <ShortCut>'⌘1'</ShortCut>
          <Description>Hide All Windows</Description>
          <Count>4</Count>
        </Item>
      </Statistic>
      <Statistic Action="Jump to Navigation Bar">
        <Item>
          <IdeaActionID>ShowNavBar</IdeaActionID>
          <ShortCut>'⌘↑' or '⌥↖'</ShortCut>
          <Description>Jump to Navigation Bar</Description>
          <Count>1</Count>
        </Item>
      </Statistic>
      <Statistic Action="Move...">
        <Item>
          <IdeaActionID>Move</IdeaActionID>
          <ShortCut>'F6'</ShortCut>
          <Description>Move...</Description>
          <Count>1</Count>
        </Item>
      </Statistic>
      <Statistic Action="Project">
        <Item>
          <IdeaActionID>ActivateProjectToolWindow</IdeaActionID>
          <ShortCut>'⌘2'</ShortCut>
          <Description>Project</Description>
          <Count>4</Count>
        </Item>
      </Statistic>
      <Statistic Action="Remove">
        <Item>
          <IdeaActionID>UsageView.Remove</IdeaActionID>
          <ShortCut>'⌘X' or '⇧⌦'</ShortCut>
          <Description>Remove</Description>
          <Count>3</Count>
        </Item>
      </Statistic>
      <Statistic Action="Rename...">
        <Item>
          <IdeaActionID>RenameElement</IdeaActionID>
          <ShortCut>'⇧F6' or '⌃⌘/'</ShortCut>
          <Description>Rename...</Description>
          <Count>7</Count>
        </Item>
      </Statistic>
      <Statistic Action="Restore Windows">
        <Item>
          <IdeaActionID>HideAllWindows</IdeaActionID>
          <ShortCut>'⌘1'</ShortCut>
          <Description>Restore Windows</Description>
          <Count>2</Count>
        </Item>
      </Statistic>
      <Statistic Action="Run">
        <Item>
          <IdeaActionID>ActivateRunToolWindow</IdeaActionID>
          <ShortCut>'⌘4'</ShortCut>
          <Description>Run</Description>
          <Count>2</Count>
        </Item>
      </Statistic>
      <Statistic Action="Select All Occurrences">
        <Item>
          <IdeaActionID>SelectAllOccurrences</IdeaActionID>
          <ShortCut>'⌃⌘G'</ShortCut>
          <Description>Select All Occurrences</Description>
          <Count>1</Count>
        </Item>
      </Statistic>
      <Statistic Action="Terminal">
        <Item>
          <IdeaActionID>ActivateTerminalToolWindow</IdeaActionID>
          <ShortCut>'⌥F12'</ShortCut>
          <Description>Terminal</Description>
          <Count>2</Count>
        </Item>
      </Statistic>
      <Statistic Action="Type Declaration">
        <Item>
          <IdeaActionID>GotoTypeDeclaration</IdeaActionID>
          <ShortCut>'⇧⌘B' or '⌃⇧B'</ShortCut>
          <Description>Type Declaration</Description>
          <Count>2</Count>
        </Item>
      </Statistic>
      <Statistic Action="Version Control">
        <Item>
          <IdeaActionID>ActivateVersionControlToolWindow</IdeaActionID>
          <ShortCut>'⌘9' or '⇧⌘9'</ShortCut>
          <Description>Version Control</Description>
          <Count>5</Count>
        </Item>
      </Statistic>
    </option>
    <option name="suppressed">
      <Statistic Action="Back">
        <Item>
          <IdeaActionID>Back</IdeaActionID>
          <ShortCut>'⌘[' or '⌥⌘←' or '⇧⌘1'</ShortCut>
          <Description>Back</Description>
          <Count>8</Count>
        </Item>
      </Statistic>
      <Statistic Action="Declaration">
        <Item>
          <IdeaActionID>GotoDeclaration</IdeaActionID>
          <ShortCut>'⌘B'</ShortCut>
          <Description>Declaration</Description>
          <Count>10</Count>
        </Item>
      </Statistic>
      <Statistic Action="Toggle Line Breakpoint">
        <Item>
          <IdeaActionID>ToggleLineBreakpoint</IdeaActionID>
          <ShortCut>'⌘F8'</ShortCut>
          <Description>Toggle Line Breakpoint</Description>
          <Count>30</Count>
        </Item>
      </Statistic>
    </option>
  </component>
</application>