<application>
  <component name="MaterialThemeConfig">
    <option name="isWizardShown" value="true" />
    <option name="pristineConfig" value="false" />
    <option name="treeFontSizeEnabled" value="true" />
    <option name="treeFontSize" value="13" />
    <option name="indicatorThickness" value="1" />
    <option name="settingsSelectedTab" value="3" />
    <option name="accentColor" value="009688" />
    <option name="highlightColor" value="80cbc4" />
    <option name="userId" value="177cb25b:1641aec08b3:-7fff" />
    <option name="version" value="5.5.0" />
  </component>
</application>