<application>
  <component name="libraryTable">
    <library name="es6-promise" type="javaScript">
      <properties>
        <sourceFilesUrls>
          <item url="file://$APPLICATION_CONFIG_DIR$/javascript/extLibs/http_as.alipayobjects.com_g_component_es6-promise_3.2.2_es6-promise.js" />
        </sourceFilesUrls>
      </properties>
      <CLASSES>
        <root url="file://$APPLICATION_CONFIG_DIR$/javascript/extLibs/http_as.alipayobjects.com_g_component_es6-promise_3.2.2_es6-promise.js" />
      </CLASSES>
      <SOURCES />
    </library>
    <library name="fastclick" type="javaScript">
      <properties>
        <sourceFilesUrls>
          <item url="file://$APPLICATION_CONFIG_DIR$/javascript/extLibs/http_as.alipayobjects.com_g_component_fastclick_1.0.6_fastclick.js" />
        </sourceFilesUrls>
      </properties>
      <CLASSES>
        <root url="file://$APPLICATION_CONFIG_DIR$/javascript/extLibs/http_as.alipayobjects.com_g_component_fastclick_1.0.6_fastclick.js" />
      </CLASSES>
      <SOURCES />
    </library>
    <library name="vendors.v1.0" type="javaScript">
      <properties>
        <sourceFilesUrls>
          <item url="file://$APPLICATION_CONFIG_DIR$/javascript/extLibs/http_1v1-fe-project-qiniu.xueba100.com_colorstone_static_vendors.v1.0.js" />
        </sourceFilesUrls>
      </properties>
      <CLASSES>
        <root url="file://$APPLICATION_CONFIG_DIR$/javascript/extLibs/http_1v1-fe-project-qiniu.xueba100.com_colorstone_static_vendors.v1.0.js" />
      </CLASSES>
      <SOURCES />
    </library>
  </component>
</application>