<application>
  <component name="FindSettings">
    <option name="customScope" value="All Places" />
    <option name="defaultScopeName" value="All Places" />
    <option name="SEARCH_SCOPE" value="All Places" />
    <option name="FILE_MASK" value="*.php" />
    <recentFileMasks>
      <mask>*.properties</mask>
      <mask>*.html</mask>
      <mask>*.jsp</mask>
      <mask>*.xml</mask>
      <mask>*.java</mask>
      <mask>*.as</mask>
      <mask>*.css</mask>
      <mask>*.mxml</mask>
      <mask>php</mask>
      <mask>ph</mask>
      <mask>*。vue</mask>
      <mask>*。vu</mask>
      <mask>*。v</mask>
      <mask>*。</mask>
      <mask>*.ph</mask>
      <mask>*.p</mask>
      <mask>*.v</mask>
      <mask>*.vu</mask>
      <mask>*.vue</mask>
      <mask>*.</mask>
      <mask>*</mask>
      <mask>*.j</mask>
      <mask>*.js</mask>
      <mask>*.php</mask>
    </recentFileMasks>
  </component>
</application>