<application>
  <component name="NotificationConfiguration">
    <notification groupId="External Executable Critical Failures" displayType="STICKY_BALLOON" />
    <notification groupId="Git Important Messages" displayType="STICKY_BALLOON" />
    <notification groupId="Git Messages" displayType="TOOL_WINDOW" />
    <notification groupId="Git Minor Notifications" />
    <notification groupId="IDE Usage Statistics" displayType="STICKY_BALLOON" shouldLog="false" />
    <notification groupId="PHP Debugger" displayType="TOOL_WINDOW" shouldLog="false" />
    <notification groupId="PHP-CGI Server" displayType="STICKY_BALLOON" />
    <notification groupId="Update Checker" displayType="STICKY_BALLOON" />
    <notification groupId="Vcs Important Messages" displayType="STICKY_BALLOON" />
    <notification groupId="Vcs Minor Notifications" />
  </component>
</application>