<application>
  <component name="DefaultFont">
    <option name="FONT_SIZE" value="15" />
    <option name="LINE_SPACING" value="1.4" />
  </component>
  <component name="EditorSettings">
    <option name="USE_SOFT_WRAPS" value="MAIN_EDITOR" />
    <option name="USE_CUSTOM_SOFT_WRAP_INDENT" value="true" />
    <option name="CUSTOM_SOFT_WRAP_INDENT" value="2" />
    <option name="STRIP_TRAILING_SPACES" value="Whole" />
    <option name="IS_ENSURE_NEWLINE_AT_EOF" value="true" />
    <option name="SHOW_PARAMETER_NAME_HINTS" value="false" />
  </component>
</application>