<application>
  <component name="ProjectManager">
    <defaultProject>
      <component name="Encoding" addBOMForNewFiles="with NO BOM" />
      <component name="PropertiesComponent">
        <property name="android.sdk.path" value="$USER_HOME$/Library/Android/sdk" />
        <property name="settings.editor.selected.configurable" value="http.proxy" />
      </component>
      <component name="VcsContentAnnotationSettings">
        <option name="myLimit" value="2678400000" />
      </component>
    </defaultProject>
  </component>
</application>