<keymap version="1" name="Default copy" parent="$default">
  <action id="$Copy">
    <keyboard-shortcut first-keystroke="ctrl c" />
  </action>
  <action id="$Paste">
    <keyboard-shortcut first-keystroke="ctrl v" />
  </action>
  <action id="ActivateFavoritesToolWindow" />
  <action id="ActivateFindToolWindow" />
  <action id="ActivateProjectToolWindow">
    <keyboard-shortcut first-keystroke="f1" />
    <keyboard-shortcut first-keystroke="alt 2" />
  </action>
  <action id="ActivateRunToolWindow">
    <keyboard-shortcut first-keystroke="alt 3" />
  </action>
  <action id="ActivateVersionControlToolWindow">
    <keyboard-shortcut first-keystroke="alt 9" />
  </action>
  <action id="CloseAllEditors">
    <keyboard-shortcut first-keystroke="shift alt 4" />
  </action>
  <action id="CloseContent">
    <keyboard-shortcut first-keystroke="alt 4" />
  </action>
  <action id="CodeCompletion">
    <keyboard-shortcut first-keystroke="ctrl space" />
    <keyboard-shortcut first-keystroke="shift space" />
  </action>
  <action id="CommentByLineComment">
    <keyboard-shortcut first-keystroke="alt s" />
  </action>
  <action id="Console.TableResult.CloneColumn" />
  <action id="ContextHelp" />
  <action id="Editor Copy" />
  <action id="Editor Paste" />
  <action id="EditorDeleteLine">
    <keyboard-shortcut first-keystroke="alt c" />
  </action>
  <action id="EditorDown">
    <keyboard-shortcut first-keystroke="down" />
    <keyboard-shortcut first-keystroke="alt i" />
  </action>
  <action id="EditorDuplicate">
    <keyboard-shortcut first-keystroke="alt d" />
  </action>
  <action id="EditorLeft">
    <keyboard-shortcut first-keystroke="left" />
    <keyboard-shortcut first-keystroke="alt j" />
  </action>
  <action id="EditorLeftWithSelection">
    <keyboard-shortcut first-keystroke="shift left" />
    <keyboard-shortcut first-keystroke="shift alt j" />
  </action>
  <action id="EditorLineEnd">
    <keyboard-shortcut first-keystroke="end" />
    <keyboard-shortcut first-keystroke="alt semicolon" />
  </action>
  <action id="EditorRight">
    <keyboard-shortcut first-keystroke="right" />
    <keyboard-shortcut first-keystroke="alt k" />
  </action>
  <action id="EditorRightWithSelection">
    <keyboard-shortcut first-keystroke="shift right" />
    <keyboard-shortcut first-keystroke="shift alt k" />
  </action>
  <action id="EditorSelectLine">
    <keyboard-shortcut first-keystroke="shift alt e" />
  </action>
  <action id="EditorSplitLine">
    <keyboard-shortcut first-keystroke="ctrl alt enter" />
  </action>
  <action id="EditorStartNewLineBefore">
    <keyboard-shortcut first-keystroke="ctrl enter" />
  </action>
  <action id="EditorUp">
    <keyboard-shortcut first-keystroke="up" />
    <keyboard-shortcut first-keystroke="alt u" />
  </action>
  <action id="EmmetEverywhere">
    <keyboard-shortcut first-keystroke="tab" />
  </action>
  <action id="ExpandLiveTemplateCustom">
    <keyboard-shortcut first-keystroke="tab" />
  </action>
  <action id="FileStructurePopup">
    <keyboard-shortcut first-keystroke="shift alt m" />
  </action>
  <action id="GotoAction">
    <keyboard-shortcut first-keystroke="alt a" />
  </action>
  <action id="GotoFile">
    <keyboard-shortcut first-keystroke="alt p" />
  </action>
  <action id="HideAllWindows">
    <keyboard-shortcut first-keystroke="shift ctrl f12" />
    <keyboard-shortcut first-keystroke="alt 1" />
  </action>
  <action id="JumpToLastWindow">
    <keyboard-shortcut first-keystroke="alt f11" />
  </action>
  <action id="LocalHistory.ShowHistory">
    <keyboard-shortcut first-keystroke="alt l" />
  </action>
  <action id="MoveLineDown">
    <keyboard-shortcut first-keystroke="shift alt down" />
    <keyboard-shortcut first-keystroke="shift alt l" />
  </action>
  <action id="MoveLineUp">
    <keyboard-shortcut first-keystroke="shift alt up" />
    <keyboard-shortcut first-keystroke="shift alt o" />
  </action>
  <action id="NewDir">
    <keyboard-shortcut first-keystroke="shift alt 6" />
  </action>
  <action id="NewFile">
    <keyboard-shortcut first-keystroke="shift alt 7" />
  </action>
  <action id="NewHtmlFile">
    <keyboard-shortcut first-keystroke="shift alt 8" />
  </action>
  <action id="NewJavaScriptFile">
    <keyboard-shortcut first-keystroke="shift alt 9" />
  </action>
  <action id="OpenInBrowser">
    <keyboard-shortcut first-keystroke="alt b" />
  </action>
  <action id="PhpNewFile">
    <keyboard-shortcut first-keystroke="shift alt 0" />
  </action>
  <action id="RecentFiles">
    <keyboard-shortcut first-keystroke="alt e" />
  </action>
  <action id="SelectAllOccurrences">
    <keyboard-shortcut first-keystroke="shift ctrl alt j" />
    <keyboard-shortcut first-keystroke="shift ctrl alt d" />
  </action>
  <action id="SelectNextOccurrence">
    <keyboard-shortcut first-keystroke="shift alt d" />
  </action>
  <action id="ShowColorPicker">
    <keyboard-shortcut first-keystroke="shift alt f12" />
  </action>
  <action id="ShowSettings">
    <keyboard-shortcut first-keystroke="ctrl alt s" />
    <keyboard-shortcut first-keystroke="ctrl alt page_down" />
  </action>
  <action id="SwitchApply">
    <keyboard-shortcut first-keystroke="shift alt enter" />
  </action>
  <action id="SwitchDown">
    <keyboard-shortcut first-keystroke="shift alt down" />
  </action>
  <action id="SwitchLeft">
    <keyboard-shortcut first-keystroke="shift alt left" />
  </action>
  <action id="SwitchRight">
    <keyboard-shortcut first-keystroke="shift alt right" />
  </action>
  <action id="SwitchUp">
    <keyboard-shortcut first-keystroke="shift alt up" />
  </action>
  <action id="ToggleFullScreen">
    <keyboard-shortcut first-keystroke="f10" />
  </action>
  <action id="UML.ShowChanges" />
  <action id="UnselectPreviousOccurrence" />
  <action id="WebBrowser.CHROME">
    <keyboard-shortcut first-keystroke="alt f12" />
  </action>
  <action id="WebBrowser.EXPLORER">
    <keyboard-shortcut first-keystroke="alt f2" />
  </action>
  <action id="WebBrowser.FIREFOX">
    <keyboard-shortcut first-keystroke="f12" />
  </action>
  <action id="WebOpenInAction" />
  <action id="context.load" />
  <action id="hg4idea.QFold" />
</keymap>