<keymap version="1" name="Vim">
  <action id="$Copy" />
  <action id="$Cut">
    <keyboard-shortcut first-keystroke="shift delete" />
  </action>
  <action id="$Paste" />
  <action id="$Redo">
    <keyboard-shortcut first-keystroke="shift alt back_space" />
  </action>
  <action id="$Undo">
    <keyboard-shortcut first-keystroke="alt back_space" />
  </action>
  <action id="CheckinProject" />
  <action id="ClassNameCompletion" />
  <action id="ClearCase.CheckInProject" />
  <action id="CodeCompletion" />
  <action id="CommanderSwapPanels" />
  <action id="ContextHelp" />
  <action id="EditorBackSpace">
    <keyboard-shortcut first-keystroke="back_space" />
  </action>
  <action id="EditorCodeBlockEnd" />
  <action id="EditorCodeBlockStart" />
  <action id="EditorCopy" />
  <action id="EditorCut">
    <keyboard-shortcut first-keystroke="shift delete" />
  </action>
  <action id="EditorDeleteLine" />
  <action id="EditorDeleteToWordEnd" />
  <action id="EditorDeleteToWordStart" />
  <action id="EditorDownWithSelection" />
  <action id="EditorDuplicate" />
  <action id="EditorIndentSelection" />
  <action id="EditorJoinLines" />
  <action id="EditorLeftWithSelection" />
  <action id="EditorLineEndWithSelection" />
  <action id="EditorLineStartWithSelection" />
  <action id="EditorMoveToPageBottom" />
  <action id="EditorMoveToPageBottomWithSelection" />
  <action id="EditorMoveToPageTop" />
  <action id="EditorMoveToPageTopWithSelection" />
  <action id="EditorNextWord" />
  <action id="EditorNextWordWithSelection" />
  <action id="EditorPageDownWithSelection" />
  <action id="EditorPageUpWithSelection" />
  <action id="EditorPaste" />
  <action id="EditorPreviousWord" />
  <action id="EditorPreviousWordWithSelection" />
  <action id="EditorRedo" />
  <action id="EditorRightWithSelection" />
  <action id="EditorScrollDown" />
  <action id="EditorScrollToCenter" />
  <action id="EditorScrollUp" />
  <action id="EditorSelectAll" />
  <action id="EditorSelectWord" />
  <action id="EditorSplitLine" />
  <action id="EditorStartNewLine" />
  <action id="EditorTextEnd" />
  <action id="EditorTextEndWithSelection" />
  <action id="EditorTextStart" />
  <action id="EditorTextStartWithSelection" />
  <action id="EditorToggleCase" />
  <action id="EditorUnSelectWord" />
  <action id="EditorUndo" />
  <action id="EditorUnindentSelection" />
  <action id="EditorUpWithSelection" />
  <action id="Find" />
  <action id="FindNext">
    <keyboard-shortcut first-keystroke="f3" />
  </action>
  <action id="FindPrevious">
    <keyboard-shortcut first-keystroke="shift f3" />
  </action>
  <action id="GotoBookmark2" />
  <action id="GotoClass">
    <keyboard-shortcut first-keystroke="shift alt n" />
  </action>
  <action id="GotoDeclaration">
    <mouse-shortcut keystroke="control button1" />
    <mouse-shortcut keystroke="button2" />
  </action>
  <action id="GotoLine" />
  <action id="GotoSuperMethod">
    <keyboard-shortcut first-keystroke="shift ctrl u" />
  </action>
  <action id="ImplementMethods">
    <keyboard-shortcut first-keystroke="shift ctrl i" />
  </action>
  <action id="InsertLiveTemplate" />
  <action id="MethodHierarchy.ImplementMethodAction" />
  <action id="MethodHierarchy.OverrideMethodAction" />
  <action id="OverrideMethods">
    <keyboard-shortcut first-keystroke="shift ctrl o" />
  </action>
  <action id="ParameterInfo">
    <keyboard-shortcut first-keystroke="shift ctrl p" />
  </action>
  <action id="QuickJavaDoc">
    <mouse-shortcut keystroke="alt button2" />
  </action>
  <action id="RecentFiles" />
  <action id="Replace" />
  <action id="SaveAll" />
  <action id="SmartTypeCompletion" />
  <action id="Starteam.CheckinProject" />
  <action id="Subversion.CommitProject" />
  <action id="ToggleBookmark2" />
  <action id="TypeHierarchy">
    <keyboard-shortcut first-keystroke="shift ctrl alt h" />
  </action>
  <action id="VimKeyHandler">
    <keyboard-shortcut first-keystroke="ctrl 2" />
    <keyboard-shortcut first-keystroke="ctrl alt space" />
    <keyboard-shortcut first-keystroke="ctrl b" />
    <keyboard-shortcut first-keystroke="ctrl back_slash" />
    <keyboard-shortcut first-keystroke="ctrl c" />
    <keyboard-shortcut first-keystroke="ctrl close_bracket" />
    <keyboard-shortcut first-keystroke="ctrl d" />
    <keyboard-shortcut first-keystroke="ctrl e" />
    <keyboard-shortcut first-keystroke="ctrl end" />
    <keyboard-shortcut first-keystroke="ctrl f" />
    <keyboard-shortcut first-keystroke="ctrl g" />
    <keyboard-shortcut first-keystroke="ctrl h" />
    <keyboard-shortcut first-keystroke="ctrl home" />
    <keyboard-shortcut first-keystroke="ctrl i" />
    <keyboard-shortcut first-keystroke="ctrl j" />
    <keyboard-shortcut first-keystroke="ctrl k" />
    <keyboard-shortcut first-keystroke="ctrl l" />
    <keyboard-shortcut first-keystroke="ctrl left" />
    <keyboard-shortcut first-keystroke="ctrl m" />
    <keyboard-shortcut first-keystroke="ctrl n" />
    <keyboard-shortcut first-keystroke="ctrl o" />
    <keyboard-shortcut first-keystroke="ctrl open_bracket" />
    <keyboard-shortcut first-keystroke="ctrl p" />
    <keyboard-shortcut first-keystroke="ctrl page_down" />
    <keyboard-shortcut first-keystroke="ctrl page_up" />
    <keyboard-shortcut first-keystroke="ctrl q" />
    <keyboard-shortcut first-keystroke="ctrl r" />
    <keyboard-shortcut first-keystroke="ctrl right" />
    <keyboard-shortcut first-keystroke="ctrl s" />
    <keyboard-shortcut first-keystroke="ctrl space" />
    <keyboard-shortcut first-keystroke="ctrl t" />
    <keyboard-shortcut first-keystroke="ctrl u" />
    <keyboard-shortcut first-keystroke="ctrl v" />
    <keyboard-shortcut first-keystroke="ctrl w" />
    <keyboard-shortcut first-keystroke="ctrl x" />
    <keyboard-shortcut first-keystroke="ctrl y" />
    <keyboard-shortcut first-keystroke="ctrl z" />
    <keyboard-shortcut first-keystroke="kp_down" />
    <keyboard-shortcut first-keystroke="kp_left" />
    <keyboard-shortcut first-keystroke="kp_right" />
    <keyboard-shortcut first-keystroke="kp_up" />
    <keyboard-shortcut first-keystroke="shift ctrl 2" />
    <keyboard-shortcut first-keystroke="shift ctrl space" />
    <keyboard-shortcut first-keystroke="shift down" />
    <keyboard-shortcut first-keystroke="shift left" />
    <keyboard-shortcut first-keystroke="shift right" />
    <keyboard-shortcut first-keystroke="shift up" />
  </action>
</keymap>